,Pass,Agree,Disagree
0,0.0,0.0,0.0
1,0.0,80.0,20.0
2,0.0,92.0,8.0
3,0.0,96.0,4.0
4,0.0,32.0,68.0
5,4.0,92.0,4.0
6,8.0,56.00000000000001,36.0
7,4.0,72.0,24.0
8,4.0,92.0,4.0
9,4.0,84.0,12.0
10,0.0,0.0,100.0
11,0.0,92.0,8.0
12,4.0,44.0,52.0
13,0.0,24.0,76.0
14,4.0,40.0,56.00000000000001
15,0.0,40.0,60.0
16,8.0,64.0,28.000000000000004
17,0.0,0.0,0.0
